{"version":4,"hash":{"type":"Buffer","data":"mNKr4efqjyuQ1KSsi9by3qIOv9XXtEixokjV4DF1hGB3k5NphigW+dELoMkeR9BOT48/k8MvpSR8wWRVa+FkgYUB93nBodQPhADztX5u2V7w3HTUW+Vnp4XzOZLnxVk9fcJklgnX2rJNF9cYb3gUzXFOjNmfLcE/Yb5DLYfEC2Q="},"indexValueMap":{"C3NMDpaPrm8CrKu8OHOtQL594fdmmAUSxmsWiq60GzE=":{"valueMac":{"type":"Buffer","data":"mCdgq9dEbyoHfp7QDraTnDhdVRoptzEcW4T49Xoqrjw="}},"EbgHSidGmortQilJnVEycike3700hQ10KfZyFDLQTBE=":{"valueMac":{"type":"Buffer","data":"FGwEAM9JqIMEa+VF5+bPvn0lKOrFxoCvc4YKeCu1ORg="}},"Eza9+7o2eqauKZbubwFJDpu7089CF668Guf8WMC5Xvo=":{"valueMac":{"type":"Buffer","data":"AzDAd2Y4mgYH9BEIcHVyT3jynNmz1HZZCsX2kqORO5c="}},"KGDo2fU1JhEiDrs5Nsxi6a041HqtNEnK0kph52bD5U4=":{"valueMac":{"type":"Buffer","data":"MZ3YQluLBrpfhGY8DLT11voYZGmMviAXhenWe3FgTq0="}},"KT62sCqzyvwVVjsycV1SQjq2Ns9lgrlbd6Cq+FQoYvY=":{"valueMac":{"type":"Buffer","data":"0qxoZi+cCzKTAI9AG/j8mZ3RjywcI3fBeiEx+UZDYIU="}},"LRBV441FMGlBuXSP/torwDFF4OOjPKYvPpoFzHREY6M=":{"valueMac":{"type":"Buffer","data":"NOYFxzDcpblHDNGnWhJzTANw/9NS9e9Dg9meRToQGl4="}},"N86rd3NO89JQMYh6/0eWwWkUiMkmjhQq3qjK3FMlYlY=":{"valueMac":{"type":"Buffer","data":"ih47UtiO/hKLqQ8tfXTKOOK1OTolURTpYPJ3kq0iGNQ="}},"Oe2Mey+VyqNrA2HvrzdjhVNtV8uvSMw+/1QgwZpZygU=":{"valueMac":{"type":"Buffer","data":"JLuafxafKRiXQSJsGMjDOLhg9woKK64nfIFfnnMSgJk="}},"SaRlKxgJsavOZ3Z9BhobYu90TDa5GzRwol/+xh+GeBE=":{"valueMac":{"type":"Buffer","data":"PUQ0YWwZY1zckhWOEoG5jDuWKIg2qJ9qFQNWNPtOxMg="}},"S9rYGZqWAqvzdv2sU/an+j8BWsA9IIpqxuPaLk7kNZM=":{"valueMac":{"type":"Buffer","data":"l6RtFFrq7nWJHYFHi8t3L4jd85kOyIM0viwEMTnAc10="}},"UFpCQ+OmQo8X57+TbKBEShVfBGiiEp9nNT3ZDpoRhhs=":{"valueMac":{"type":"Buffer","data":"XCQxQH77igT536ql3CK5rUPLR14aZEES6g/3GfxlEdI="}},"Zabk3DvH4qinWzdkRTuoi22bhEXu7o8D4nEicJvhsJM=":{"valueMac":{"type":"Buffer","data":"gv2X4L1y8Nc9SvBHlmsYZ3yrNiP/sOyqycmrYScY9Ao="}},"bBZT66ULL1dmdatBNj0Bf4OCiFXQPDNxdgNA2M4cCVo=":{"valueMac":{"type":"Buffer","data":"lunhkk0CfQwFby4MppbX7ogZZqJOGnBPG07c66abIR4="}},"boi4WjUUgIvbeV0nABpDI/r5YTJSDwfYUPEZu7XM02A=":{"valueMac":{"type":"Buffer","data":"rfobCL67o0TZK4HhhrpMzx5ptWJHGSmPdbewySvFCVw="}},"dH23eJBQgjQbc7vvxycO0Za68Kvcol43Tx/jtRPcc7c=":{"valueMac":{"type":"Buffer","data":"u3NIakz5i1uJuwCgWLiL1RPoPv/zQBa9SjIEuOqLJNU="}},"eulbvnGRpelHCe9rDSri/GC/UmMHlguBrdDmgBZB3OE=":{"valueMac":{"type":"Buffer","data":"Ep18FaPQ9kPsnfUbak+Eb88amvNqIEsjbh+wRokW+ao="}},"iIYNAQ+3wCybiXUzg9+bWXaDl2W4SSvRmMu/oQzEYuI=":{"valueMac":{"type":"Buffer","data":"RtV+1faG9zAu+j+dNSZ+zkX6kEz5gHe0OZsmTq2yFbQ="}},"k3oUfNEm0Jnh4NWCS2gCthN0nF9JL4Rg+KaiVqJRIdo=":{"valueMac":{"type":"Buffer","data":"8PyNQYsgdi/6FAsbd23ws4hj8pHx4D+MRVr5wGEBOKk="}},"ngP1RKbKWRZQr+bCm5oQrwM+qM50zYxiDpmrboLpAnI=":{"valueMac":{"type":"Buffer","data":"tM9dIz0pi//5OIPK94C3vYdjmEd9Kb94NN8wWis3j+8="}},"owT9NcsiqN9NiDrCKrBsdkuZUDq3+fRftBXnRsBiYio=":{"valueMac":{"type":"Buffer","data":"dYJHeGVAt9rI4DA35OLHprCjyPlDJWgkEK8tvH2fkTY="}},"qJeGNCNqaIctjHXS3rEQW9T+cCk5DLgEDx8HcbjiE3o=":{"valueMac":{"type":"Buffer","data":"MhecOW7puLduf/k6sURnLaf7tl6bsz/3KYirNisoCAY="}},"yUESfbkXKKRZidqsq9MjSE0JJANvdq7Z+pcfmSe8VGk=":{"valueMac":{"type":"Buffer","data":"yinVuNCzRtlWls36aiXseYqetyMLrp6w63WcJPhYFsI="}},"2tpLoIjx+vqRDvcanW7K8Wto8XSL/UyUaLc9y5O2GwM=":{"valueMac":{"type":"Buffer","data":"v8zr/x9+OIqUUBOLU61tHIVXylm83aiRzTj+oONXd64="}},"2xRkZuACqiE+n4qgfQ9jqSFZHPIBUlXCKh73DsZLLos=":{"valueMac":{"type":"Buffer","data":"mbAqawkWyG1Klfe4i7xfAHDscdvDC0xZmSt7FJ3NdOY="}},"3JOvt/tOaXYqDYVrNWG+DnVZ91JCAhduQxUdri6HAAU=":{"valueMac":{"type":"Buffer","data":"WdT/JqKAgvpYpDvz8TvI8N92TwTy/AeLNvwce2hig4g="}},"yYaKN5mvRBo5WVm6h+KWaD5R5++ZWLreeYXnYMxo69w=":{"valueMac":{"type":"Buffer","data":"zRn8kmvM/RcfZnuqOAjfPmMIawhD0I4rfMTFMDP0UdI="}}}}