{"noiseKey":{"private":{"type":"Buffer","data":"0ORNcHwmxtQRGBVF+/gMM/uhUK+2zKMqMdd166DqH2U="},"public":{"type":"Buffer","data":"JPsuPJ3o1sFlBbVcf1rSP2BlFRXdNUYTOzNdBJaOD1c="}},"pairingEphemeralKeyPair":{"private":{"type":"Buffer","data":"INczkp5cyMEU+yLP62rht3mfTHcJTNHICl/96vt3MkM="},"public":{"type":"Buffer","data":"m4wChbpldOhxxiP1/F2LcGH8Y5GHk3PD+5BLuXJ9nzk="}},"signedIdentityKey":{"private":{"type":"Buffer","data":"kEl5HtGmMLrkQ73zBphyIfn7vxIzQJvM6XpphJmZknk="},"public":{"type":"Buffer","data":"9qPP3vYQrGujxyT88/ScFn0vfeDIU4rdFgih9PH/fGI="}},"signedPreKey":{"keyPair":{"private":{"type":"Buffer","data":"KGp/Wx31n/R/A1NC0TOttaR7EAr2Do8/xT2RPsZAIVc="},"public":{"type":"Buffer","data":"eNK1ZOg21RnCYGUYaqEC5Z27BCdAVms/j6n0KexTSn0="}},"signature":{"type":"Buffer","data":"H91uXPXHi7yzdCD5PmtPeBY6wo0oQIA7tB9SvVlumAVJZFfCQtlguEgF/pZi/fqKyPvVncG/2M2x+0KQzf+JDw=="},"keyId":1},"registrationId":183,"advSecretKey":"7HBhc+YujH1qdRjpFYD7ZzEd08grKTwfJ0qhlsRpCGo=","processedHistoryMessages":[{"key":{"remoteJid":"6287778002663@s.whatsapp.net","fromMe":true,"id":"E882B6826F0821A00B3F5B3DA1CF2A0C"},"messageTimestamp":1741204525},{"key":{"remoteJid":"6287778002663@s.whatsapp.net","fromMe":true,"id":"69721E642BC93732BA150B971F9E044B"},"messageTimestamp":1741204601},{"key":{"remoteJid":"6287778002663@s.whatsapp.net","fromMe":true,"id":"BFEF5337880F0ECE396626BD73403E40"},"messageTimestamp":1741204622}],"nextPreKeyId":32,"firstUnuploadedPreKeyId":32,"accountSyncCounter":1,"accountSettings":{"unarchiveChats":false},"deviceId":"IXRFJbtvRW2snyX8MJrj8w","phoneId":"d4a746be-3bac-474a-997a-506ba7c09650","identityId":{"type":"Buffer","data":"HCa8IFAeJBnavem7vMAnUVd9h3s="},"registered":true,"backupToken":{"type":"Buffer","data":"7m2GZLN/ZELLzm/r3/OadPApgMg="},"registration":{},"pairingCode":"RYZENOFC","me":{"id":"6287778002663:22@s.whatsapp.net","name":"de4you","lid":"96014581166090:22@lid"},"account":{"details":"CKvomIsDEKXYor4GGAIgACgA","accountSignatureKey":"//1W9Uzhp5I0EIhIACxyxwtwny7QS5Q+681MKW9a0CY=","accountSignature":"FqkPALfkR1xSW9gaI6fEMELuyaMPytP/P/rgOTW1KAJ4mCTzmpWk3vo4AiM4yWINsEpEYDI/ePmJkWnEjL5VDA==","deviceSignature":"dl+SHVHxsWL4ZZt9Oa3C8A9qlaM/b0BKFkjzHBdygVoh1RGWAagCqcRI0sBG28JROGe3QeNGT7KI4BdLM8vsBA=="},"signalIdentities":[{"identifier":{"name":"6287778002663:22@s.whatsapp.net","deviceId":0},"identifierKey":{"type":"Buffer","data":"Bf/9VvVM4aeSNBCISAAscscLcJ8u0EuUPuvNTClvWtAm"}}],"platform":"smba","routingInfo":{"type":"Buffer","data":"CAsIAg=="},"lastAccountSyncTimestamp":1741204520,"lastPropHash":"3R9Z39","myAppStateKeyId":"AAAAAPln"}