{
  "users": {
    "6285655548594@s.whatsapp.net": {
      "rpg": true,
      "daftar": false,
      "vip": false,
      "badword": 0,
      "title": "",
      "serialNumber": "1a5bcad6ede76c15f9d594c135ecf3d7",
      "nick": "Who's Ryzén?",
      "nama": "Guest",
      "pacar": "",
      "askot": "",
      "umur": 0,
      "premium": false,
      "totalLimit": 20,
      "limit": 20,
      "uang": 1000,
      "lastclaim": 1739889758438,
      "lastrampok": 1739889758438,
      "pctime": 1739890691550,
      "coins": 0,
      "exp": 0,
      "rank": 700,
      "level": 0
    },
    "6283856877894@s.whatsapp.net": {
      "rpg": false,
      "daftar": false,
      "vip": false,
      "badword": 0,
      "title": "",
      "serialNumber": "8a7c67b3a7222a212ba623ebcd0b9495",
      "nick": "RyzenOFC",
      "nama": "Guest",
      "pacar": "",
      "askot": "",
      "umur": 0,
      "premium": false,
      "totalLimit": 20,
      "limit": 20,
      "uang": 1000,
      "lastclaim": 1739889758750,
      "lastrampok": 1739889758750,
      "pctime": "",
      "coins": 0,
      "exp": 0,
      "rank": 700,
      "level": 0
    },
    "120363364330631981@newsletter": {
      "rpg": false,
      "daftar": false,
      "vip": false,
      "badword": 0,
      "title": "",
      "serialNumber": "fadfd8d5ea32d3a3541d52e4448aa575",
      "nama": "Guest",
      "pacar": "",
      "askot": "",
      "umur": 0,
      "premium": false,
      "totalLimit": 20,
      "limit": 20,
      "uang": 1000,
      "lastclaim": 1739889923336,
      "lastrampok": 1739889923336,
      "pctime": "",
      "coins": 0,
      "exp": 0,
      "rank": 700,
      "level": 0
    },
    "120363372111850676@newsletter": {
      "rpg": false,
      "daftar": false,
      "vip": false,
      "badword": 0,
      "title": "",
      "serialNumber": "c1db238da3395a21129521c081753e88",
      "nama": "Guest",
      "pacar": "",
      "askot": "",
      "umur": 0,
      "premium": false,
      "totalLimit": 20,
      "limit": 20,
      "uang": 1000,
      "lastclaim": 1739890293835,
      "lastrampok": 1739890293835,
      "pctime": "",
      "coins": 0,
      "exp": 0,
      "rank": 700,
      "level": 0
    },
    "48539748178@s.whatsapp.net": {
      "rpg": false,
      "daftar": false,
      "vip": false,
      "badword": 0,
      "title": "",
      "serialNumber": "d0163d6619a002b65f9fbf1cb8bbdd8d",
      "nick": "+48 539 748 178",
      "nama": "Guest",
      "pacar": "",
      "askot": "",
      "umur": 0,
      "premium": false,
      "totalLimit": 20,
      "limit": 20,
      "uang": 1000,
      "lastclaim": 1741204297814,
      "lastrampok": 1741204297814,
      "pctime": "",
      "coins": 0,
      "exp": 0,
      "rank": 700,
      "level": 0
    },
    "6287778002663@s.whatsapp.net": {
      "rpg": false,
      "daftar": false,
      "vip": false,
      "badword": 0,
      "title": "",
      "serialNumber": "a86766cf5eb0aaacb923fbfcd01082c7",
      "nick": "de4you",
      "nama": "Guest",
      "pacar": "",
      "askot": "",
      "umur": 0,
      "premium": false,
      "totalLimit": 20,
      "limit": 20,
      "uang": 1000,
      "lastclaim": 1741204306588,
      "lastrampok": 1741204306588,
      "pctime": 1741204491638,
      "coins": 0,
      "exp": 0,
      "rank": 700,
      "level": 0
    }
  },
  "database": {},
  "chats": {
    "6285655548594@s.whatsapp.net": {
      "badword": false,
      "antiforeignnum": false,
      "antiviewonce": false,
      "autoaipc": false,
      "autoaigc": false,
      "antibot": false,
      "antispam": false,
      "antimedia": false,
      "antiimage": false,
      "antivideo": false,
      "antiaudio": false,
      "antisticker": false,
      "anticontact": false,
      "antilocation": false,
      "antidocument": false,
      "antilink": false,
      "antilinkgc": false,
      "mute": false,
      "setwelcome": false,
      "setleft": false,
      "liststore": {}
    },
    "120363364330631981@newsletter": {
      "badword": false,
      "antiforeignnum": false,
      "antiviewonce": false,
      "autoaipc": false,
      "autoaigc": false,
      "antibot": false,
      "antispam": false,
      "antimedia": false,
      "antiimage": false,
      "antivideo": false,
      "antiaudio": false,
      "antisticker": false,
      "anticontact": false,
      "antilocation": false,
      "antidocument": false,
      "antilink": false,
      "antilinkgc": false,
      "mute": false,
      "setwelcome": false,
      "setleft": false,
      "liststore": {}
    },
    "120363372111850676@newsletter": {
      "badword": false,
      "antiforeignnum": false,
      "antiviewonce": false,
      "autoaipc": false,
      "autoaigc": false,
      "antibot": false,
      "antispam": false,
      "antimedia": false,
      "antiimage": false,
      "antivideo": false,
      "antiaudio": false,
      "antisticker": false,
      "anticontact": false,
      "antilocation": false,
      "antidocument": false,
      "antilink": false,
      "antilinkgc": false,
      "mute": false,
      "setwelcome": false,
      "setleft": false,
      "liststore": {}
    },
    "48539748178@s.whatsapp.net": {
      "badword": false,
      "antiforeignnum": false,
      "antiviewonce": false,
      "autoaipc": false,
      "autoaigc": false,
      "antibot": false,
      "antispam": false,
      "antimedia": false,
      "antiimage": false,
      "antivideo": false,
      "antiaudio": false,
      "antisticker": false,
      "anticontact": false,
      "antilocation": false,
      "antidocument": false,
      "antilink": false,
      "antilinkgc": false,
      "mute": false,
      "setwelcome": false,
      "setleft": false,
      "liststore": {}
    },
    "6287778002663@s.whatsapp.net": {
      "badword": false,
      "antiforeignnum": false,
      "antiviewonce": false,
      "autoaipc": false,
      "autoaigc": false,
      "antibot": false,
      "antispam": false,
      "antimedia": false,
      "antiimage": false,
      "antivideo": false,
      "antiaudio": false,
      "antisticker": false,
      "anticontact": false,
      "antilocation": false,
      "antidocument": false,
      "antilink": false,
      "antilinkgc": false,
      "mute": false,
      "setwelcome": false,
      "setleft": false,
      "liststore": {}
    }
  },
  "game": {},
  "settings": {
    "6283856877894@s.whatsapp.net": {
      "totalhit": 0,
      "totalError": 0,
      "online": false,
      "safesearch": false,
      "autosticker": false,
      "autodownload": false,
      "autobio": false,
      "autoread": false,
      "autorecordtype": false,
      "autorecord": false,
      "autotype": false,
      "autoblocknum": false,
      "onlygc": false,
      "onlypc": false,
      "watermark": {
        "packname": "Mora AI",
        "author": "Meta Company"
      },
      "about": {
        "bot": {
          "nick": "RyzenOFC",
          "alias": "Mora AI"
        },
        "owner": {
          "nick": "Who's Ryzén?",
          "alias": "6285655548594"
        }
      }
    },
    "48539748178@s.whatsapp.net": {
      "totalhit": 0,
      "totalError": 0,
      "online": false,
      "safesearch": false,
      "autosticker": false,
      "autodownload": false,
      "autobio": false,
      "autoread": false,
      "autorecordtype": false,
      "autorecord": false,
      "autotype": false,
      "autoblocknum": false,
      "onlygc": false,
      "onlypc": false,
      "watermark": {
        "packname": "Hu Tao Md",
        "author": "DE4YOU"
      },
      "about": {
        "bot": {
          "nick": "+48 539 748 178",
          "alias": "Hu Tao Md"
        },
        "owner": {
          "nick": "+62 877-7800-2663",
          "alias": "6287778002663"
        }
      }
    },
    "6287778002663@s.whatsapp.net": {
      "totalhit": 0,
      "totalError": 0,
      "online": false,
      "safesearch": false,
      "autosticker": false,
      "autodownload": false,
      "autobio": false,
      "autoread": false,
      "autorecordtype": false,
      "autorecord": false,
      "autotype": false,
      "autoblocknum": false,
      "onlygc": false,
      "onlypc": false,
      "watermark": {
        "packname": "Hu Tao Md",
        "author": "DE4YOU"
      },
      "about": {
        "bot": {
          "nick": "de4you",
          "alias": "Hu Tao Md"
        },
        "owner": {
          "nick": "de4you",
          "alias": "6287778002663"
        }
      }
    }
  },
  "message": {},
  "rpg": {
    "6285655548594@s.whatsapp.net": {
      "kapal": false,
      "darahkapal": 100,
      "pickaxe": false,
      "darahpickaxe": 100,
      "kapak": false,
      "darahkapak": 100,
      "bzirah": false,
      "darahbzirah": 100,
      "pedang": false,
      "darahpedang": 100,
      "darahuser": 100,
      "rumah": 0,
      "besi": 4,
      "kayu": 2,
      "emas": 0,
      "perak": 0,
      "batubara": 0,
      "bulu": 0,
      "kain": 0,
      "wilayah": "Indonesia",
      "wilayahrumah": "Indonesia",
      "musuh": 0,
      "ikan": 0,
      "domba": 0,
      "sapi": 0,
      "ayam": 0,
      "bank": 0,
      "burutime": 0,
      "lastclaim": 0,
      "lastdagang": 0,
      "lastbansos": 0,
      "lastkerja": 0,
      "lastrampok": 0
    },
    "6283856877894@s.whatsapp.net": {
      "kapal": false,
      "darahkapal": 100,
      "pickaxe": false,
      "darahpickaxe": 100,
      "kapak": false,
      "darahkapak": 100,
      "bzirah": false,
      "darahbzirah": 100,
      "pedang": false,
      "darahpedang": 100,
      "darahuser": 100,
      "rumah": 0,
      "besi": 4,
      "kayu": 2,
      "emas": 0,
      "perak": 0,
      "batubara": 0,
      "bulu": 0,
      "kain": 0,
      "wilayah": "Indonesia",
      "wilayahrumah": "Indonesia",
      "musuh": 0,
      "ikan": 0,
      "domba": 0,
      "sapi": 0,
      "ayam": 0,
      "bank": 0,
      "burutime": 0,
      "lastclaim": 0,
      "lastdagang": 0,
      "lastbansos": 0,
      "lastkerja": 0,
      "lastrampok": 0
    },
    "120363364330631981@newsletter": {
      "kapal": false,
      "darahkapal": 100,
      "pickaxe": false,
      "darahpickaxe": 100,
      "kapak": false,
      "darahkapak": 100,
      "bzirah": false,
      "darahbzirah": 100,
      "pedang": false,
      "darahpedang": 100,
      "darahuser": 100,
      "rumah": 0,
      "besi": 4,
      "kayu": 2,
      "emas": 0,
      "perak": 0,
      "batubara": 0,
      "bulu": 0,
      "kain": 0,
      "wilayah": "Indonesia",
      "wilayahrumah": "Indonesia",
      "musuh": 0,
      "ikan": 0,
      "domba": 0,
      "sapi": 0,
      "ayam": 0,
      "bank": 0,
      "burutime": 0,
      "lastclaim": 0,
      "lastdagang": 0,
      "lastbansos": 0,
      "lastkerja": 0,
      "lastrampok": 0
    },
    "120363372111850676@newsletter": {
      "kapal": false,
      "darahkapal": 100,
      "pickaxe": false,
      "darahpickaxe": 100,
      "kapak": false,
      "darahkapak": 100,
      "bzirah": false,
      "darahbzirah": 100,
      "pedang": false,
      "darahpedang": 100,
      "darahuser": 100,
      "rumah": 0,
      "besi": 4,
      "kayu": 2,
      "emas": 0,
      "perak": 0,
      "batubara": 0,
      "bulu": 0,
      "kain": 0,
      "wilayah": "Indonesia",
      "wilayahrumah": "Indonesia",
      "musuh": 0,
      "ikan": 0,
      "domba": 0,
      "sapi": 0,
      "ayam": 0,
      "bank": 0,
      "burutime": 0,
      "lastclaim": 0,
      "lastdagang": 0,
      "lastbansos": 0,
      "lastkerja": 0,
      "lastrampok": 0
    },
    "48539748178@s.whatsapp.net": {
      "kapal": false,
      "darahkapal": 100,
      "pickaxe": false,
      "darahpickaxe": 100,
      "kapak": false,
      "darahkapak": 100,
      "bzirah": false,
      "darahbzirah": 100,
      "pedang": false,
      "darahpedang": 100,
      "darahuser": 100,
      "rumah": 0,
      "besi": 4,
      "kayu": 2,
      "emas": 0,
      "perak": 0,
      "batubara": 0,
      "bulu": 0,
      "kain": 0,
      "wilayah": "Indonesia",
      "wilayahrumah": "Indonesia",
      "musuh": 0,
      "ikan": 0,
      "domba": 0,
      "sapi": 0,
      "ayam": 0,
      "bank": 0,
      "burutime": 0,
      "lastclaim": 0,
      "lastdagang": 0,
      "lastbansos": 0,
      "lastkerja": 0,
      "lastrampok": 0
    },
    "6287778002663@s.whatsapp.net": {
      "kapal": false,
      "darahkapal": 100,
      "pickaxe": false,
      "darahpickaxe": 100,
      "kapak": false,
      "darahkapak": 100,
      "bzirah": false,
      "darahbzirah": 100,
      "pedang": false,
      "darahpedang": 100,
      "darahuser": 100,
      "rumah": 0,
      "besi": 4,
      "kayu": 2,
      "emas": 0,
      "perak": 0,
      "batubara": 0,
      "bulu": 0,
      "kain": 0,
      "wilayah": "Indonesia",
      "wilayahrumah": "Indonesia",
      "musuh": 0,
      "ikan": 0,
      "domba": 0,
      "sapi": 0,
      "ayam": 0,
      "bank": 0,
      "burutime": 0,
      "lastclaim": 0,
      "lastdagang": 0,
      "lastbansos": 0,
      "lastkerja": 0,
      "lastrampok": 0
    }
  },
  "sticker": {},
  "others": {}
}